input_text,output,flag,username,timestamp
test,...,,,2023-06-28 16:20:17.671608
,,,,,2023-06-28 17:30:13.297175
,,,,,,2023-06-28 18:02:40.559971
Co to jest bozon Higgsa,gpt-4,Tłumaczenie pojeć,"User: Co to jest bozon Higgsa
 
Assistant: Bozon Higgsa to cząstka elementarna, którą odkryto w 2012 roku w CERN (Organizacji Europejskiej Badań Jądrowych). Jest to bardzo ważna cząstka, ponieważ jej istnienie pomaga nam zrozumieć, dlaczego inne cząstki elementarne (takie jak elektrony, kwarki itp.) mają masę.

Możesz to sobie wyobrazić jak ruch wśród śniegu lub wody. Kiedy idziesz przez śnieg lub wodę, twoje nogi stawiają opór i trudniej się poruszać, prawda? To właśnie bozon Higgsa daje masę cząstkom. Jakbyś przeszedł przez pole bozonów Higgsa, to by cię hamowało i sprawiało, że byś poruszał się wolniej.

To odkrycie jest bardzo ważne dla naszego zrozumienia budowy wszechświata. Do odkrycia bozonu Higgsa potrzebowaliśmy olbrzymiej maszyny, zwanej Akceleratorem Hadronów, aby ""wyprodukować"" tę cząstkę i potwierdzić jej istnienie.

W skrócie, bozon Higgsa to cząstka, która nadaje masę innym cząstkom, i odkrycie jej istnienia pomogło nam lepiej zrozumieć, jak działa nasz wszechświat.
 
User: Co to jest bozon Higgsa
 
Assistant: Bozon Higgsa to bardzo specjalna cząsteczka. Wyobraź sobie, że jesteś na imprezie z przyjaciółmi, ale nikt cię na początku nie zauważa. Możesz swobodnie przechodzić przez pokój, nie zwracając na siebie uwagi. Niestety, gdy ktoś krzyczy: ""Hej, patrzcie, to znany YouTuber!"", nagle wszyscy zaczynają się do Ciebie zwracać, ograniczając Twoje ruchy. Właściwie stałeś się ""cięższy"" dla naszych przyjaciół w pokoju.

Analogicznie, bozon Higgsa działa jak te przyjaciół na imprezie, który zaczynają Cię zauważać. Dla cząstek, które przechodzą przez ""pole Higgsa"" (czyli miejsce pełne bozonów Higgsa), ""ciężar"" cząstek rośnie, co nazywamy masą.

To trochę skomplikowane i naukowcy potrzebowali wielu lat i bardzo dużego urządzenia, zwanego Wielkim Zderzaczem Hadronów, aby potwierdzić, że bozon Higgsa naprawdę istnieje. Ale teraz wiemy, że on jest tam, pomagając cząstkom zyskać masę!
Zrozumiałeś, czy wytłumaczyć Ci to na wyższym poziomie?
 
",,,2023-06-28 18:05:37.333165
